Pfu-Sso7d-0,GTAAAACGACGGCCAGTGCGATGTTGAAGACCAGGAGGGTCTCTAATGGGTCATCACCACCACCATCATCATCATCATCACTCCAGCGGTCATATCGAGGGCAGACATATGATCCTAGATGTAGATTACATTACGGAAGAAGGGAAACCAGTTATTAGGTTGTTCAAAAAAGAAAATGGAAAGTTCAAAATCGAACATGATAGAACCTTCAGGCCTTATATTTATGCCTTATTAAGAGATGATTCAAAGATCGAAGAAGTGAAAAAAATAACCGGGGAAAGACACGGTAAAATTGTGCGTATCGTTGATGTAGAGAAAGTTGAAAAAAAGTTTTTGGGAAAACCTATAACTGTCTGGAAACTTTATCTGGAGCACCCACAGGATGTCCCAACCATTAGAGAAAAAGTACGTGAACATCCAGCCGTAGTAGATATTTTTGAATATGACATACCTTTTGCTAAAAGATACCTTATTGATAAAGGACTAATCCCTATGGAGGGTGAAGAGGAGCTGAAAATTCTAGCTTTTGATATTGAAACTCTGTATCACGAAGGCGAAGAATTCGGAAAAGGACCTATTATTATGATTTCATACGCTGATGAAAACGAAGCCAAGGTTATTACATGGAAGAACATCGATTTGCCTTATGTCGAAGTGGTTAGCTCAGAGCGAGAAATGATTAAAAGGTTTCTAAGAATTATTAGAGAAAAAGATCCAGACATAATAGTGACGTACAATGGTGATTCATTCGACTTTCCATATTTGGCAAAGAGGGCCGAAAAGCTTGGAATCAAACTGACTATTGGTAGAGATGGCTGGAGACCCGCCATCGCGTCATAGCTGTTTCCTG
Pfu-Sso7d-1,GTAAAACGACGGCCAGTGCGATGTTGGGTCTCAGGCTCAGAACCCAAGATGCAAAGAATTGGAGATATGACAGCCGTGGAAGTGAAGGGCAGGATACACTTTGATTTGTATCACGTTATCACAAGAACTATAAACTTACCAACCTATACCCTGGAAGCAGTCTATGAAGCTATCTTCGGCAAACCTAAGGAAAAGGTGTATGCTGATGAAATAGCAAAGGCATGGGAATCTGGTGAAAATCTTGAACGAGTGGCCAAATATTCTATGGAAGATGCCAAGGCTACGTATGAGTTAGGAAAGGAGTTTTTACCCATGGAAATCCAGCTTAGTAGGTTGGTCGGCCAACCACTTTGGGATGTGTCACGATCTAGTACTGGGAATTTGGTGGAGTGGTTCCTATTGCGAAAAGCTTACGAAAGGAATGAGGTAGCCCCAAATAAGCCAAGTGAGGAGGAATATCAGAGGAGACTGAGAGAATCTTATACAGGTGGCTTCGTCAAGGAACCAGAGAAAGGACTTTGGGAAAATATAGTATATTTGGATTTTCGAGCTCTTTATCCAAGCATAATAATCACTCACAATGTGAGCCCTGATACTCTAAATCTGGAGGGATGTAAGAACTATGACATTGCACCTCAGGTAGGACATAAATTCTGCAAGGATATACCTGGTTTTATCCCATCTCTGCTAGGACACTTACTTGAAGAACGACAGAAGATCAAGACGAAAATGAAGGAAACTCAGGACCCTATCGAAAAAATTTTGTTGGACTATAGGCAGAAGGCTATCAAATTATTGGCTAACTCATTCTATGGATACTACGGATATGCAAAGGAGACCCGCCATCGCGTCATAGCTGTTTCCTG
Pfu-Sso7d-2,GTAAAACGACGGCCAGTGCGATGTTGGGTCTCACAAAGGCTCGTTGGTACTGTAAAGAATGTGCTGAGTCTGTTACTGCTTGGGGTCGTAAATATATCGAACTTGTCTGGAAAGAACTTGAAGAAAAGTTTGGATTCAAAGTGTTGTACATCGATACCGATGGTTTATATGCCACTATTCCTGGCGGTGAGAGTGAAGAGATCAAAAAAAAAGCCCTGGAATTTGTGAAGTACATCAATTCTAAACTTCCAGGTTTATTAGAGCTGGAATACGAAGGTTTTTACAAGAGGGGATTTTTCGTGACTAAAAAAAGGTATGCAGTTATTGATGAGGAGGGAAAAGTTATTACAAGAGGTTTGGAGATAGTCAGAAGAGACTGGTCAGAGATAGCTAAGGAGACTCAGGCAAGAGTCTTGGAAACAATCCTTAAACATGGAGATGTAGAAGAAGCTGTGAGAATTGTTAAAGAGGTTATACAGAAGCTGGCAAATTATGAAATTCCACCCGAAAAATTGGCTATTTATGAGCAAATTACCAGACCACTTCACGAATACAAAGCAATCGGGCCGCACGTGGCAGTCGCTAAAAAGCTAGCCGCCAAGGGTGTGAAGATTAAACCAGGTATGGTGATCGGATATATTGTACTACGTGGTGACGGTCCAATTTCCAACAGGGCTATCCTTGCAGAAGAGTATGACCCTAAAAAACATAAGTATGACGCTGAGTACTATATCGAGAACCAGGTATTGCCTGCCGTGCTGAGAATATTAGAAGGTTTCGGTTACAGAAAGGAAGATCTAAGATACCAAAAGACACGACAAGTTGGGTTAACAGGAGACCCGCCATCGCGTCATAGCTGTTTCCTG
Pfu-Sso7d-3,GTAAAACGACGGCCAGTGCGATGTTGGGTCTCAAACAAGCTGGCTGAATATCAAAAAATCTGGAACTGGTGGGGGGGGCGCCACAGTCAAATTCAAATATAAAGGAGAAGAAAAGGAGGTTGATATTAGCAAGATCAAAAAGGTTTGGAGAGTCGGCAAAATGATAAGTTTTACATACGATGAAGGGGGAGGAAAAACAGGCCGTGGTGCTGTATCAGAAAAAGACGCTCCAAAGGAGTTATTACAAATGCTAGAAAAACAGAAAAAGTAATGAGCTTAGAGACCCGCTTAGTCTTCGCCATCGCGGAGACCCGCCATCGCGTCATAGCTGTTTCCTG
BsaI-0,GTAAAACGACGGCCAGTGCGATGTTGAAGACCAGGAGGGTCTCTAATGGGTCATCACCACCACCACCATAAGATGGGAAAGATTGCAGTTACCCCAAATAATGACAAAGCAGCTTCCCACTCAAAGGATGAAAACCTAGCCACTAATACGATTAAAAAGAATGTGAAACCGAAATATGGTGATGCAGCATTCTTAGAGTACACTAGACTTATCGTAAATCATCCCAACTACTTCGGTATGCCTGATCCTTTCGGTGAGAAGGGTGAGATTCAGTGGGAGGCTCCAAGTAATAGGGCATCAGGTAAATTTAAACACACTCATCAGAGAAGATATGAATGGTGGAAGAACAAAGCCAGATCCATAGGAATTGACCCAGATACAGAAAAGGCATGGATTTCCAAGACAGCTAAGTTGATTCATCCCCTGGGAGTTAAACCTTGCAAGAAATGTGGTAAAGAAATGGAATTGAGTTATTCCTACCCTAATGAACATTTTTTTTCAAGAGTTAGAAAGCTGAACTATATAGATGAAACATTTGAACTGTCACAGAACGAGCATATTGTTGACTTGTTAACGAGACTGGATGACCGTTTTGGAGAGAGGATTTATCTTGATTTACCACACCTGTTTTCCACTAAAAGCATAACCATACCGGATATTAGCTCAAATCTTGAGGCTTGGATAGAGTATCTGAAAGAGCAATACATCCCACAAGAAAGTAGGATGTTAAGCCCGGGCGCCATGGCTAACCCACCTGATAGATTCGATGGTTTTCATTCTTTTAACCGATGCTGTCGATCCATAGCTGACAAGGGCAGGAGACCCGCCATCGCGTCATAGCTGTTTCCTG
BsaI-1,GTAAAACGACGGCCAGTGCGATGTTGGGTCTCAGGCAGAACTAAAGAGAATCTGAAAAGTTATGTTACAGATAGAAGAGTCTTTGAGTACTGGGTCGATGGAGACTGGGTAGCTGCTGATCGTTTAATGGGACAAGTACGAACTAATAATATTTTTATAAACGAGGAATGCCTGAATGCCGGCAACGGAGGCCTTCATCCAACACCTTGTCAGGCTGATCACATAGGACCTATTTCACTTGGGTTCTCCCACAGACCCCAATTCCAATTACTGTGTAAGTCTTGTAATAGTGCAAAAAATAACCGAATGTATCTGAGCGACATTATTTCACTTTTAGAGGCAGAGAACGAAGGACATACCGTCATTAGTTGGTTTGCCGAAGAGGTTTGGAATAGATTAAAGCATAGCGTGGACGATAGTGAAAAGGCATTGCGTCTATCCAAAATCCTAAGAGATAATAGGCATACGTACATGAACTTATTGAAGAAGATCATGGATGAAGGATATTACACCTTTCTGGCATCACTACTACATCTTGAAGTTGCTAACTACAACCCGATATTCGAGGGCCTGTGCATCTCTAATCATTTAACCCACTACAAGTCACTTAAAAAAATCAAGAGAGAATCTAAGTATGCTGCTGTTCAAAAGACCAGACGAATTAGAATCGCTTTTACATCTCTTAACGACTACCATAGGAAAGAGAATCGAAACGCTTTTATCGTTTCAAACGAGCTGTCTGAGAAATTCTTTTCTGAAGCCATGGATAACCTAAAATCTCTGAGTGAGATTACTTCCTGTCTAGATGAAAAGATCTCCGGCATCATAAGTGAGGAGACCCGCCATCGCGTCATAGCTGTTTCCTG
BsaI-2,GTAAAACGACGGCCAGTGCGATGTTGGGTCTCAGTGAAAATTCCGACAGTAAGAATGAATTTAGAACTATTATCACTGACTTGCGAGAAATTGTGACTAATAACAAGGAAAAATTTAATCTTATCCTGAAATACTTGATTTCCGGTATGAGTGAGATTGGTAAAGAACTTGAGAGTTACTGGGAGAATGATAGATACGTTAGATCAATACCTGAAGAGTTTATCGAATAATGAGCTTAGAGACCCGCTTAGTCTTCGCCATCGCGGAGACCCGCCATCGCGTCATAGCTGTTTCCTG
p50-T4-0,GTAAAACGACGGCCAGTGCGATGTTGAAGACCAGGAGGGTCTCTAATGCGTGGTTCTCACCATCACCACCATCATACAGATCCTGCCTTAAGGGCAGCTGATGGCCCTTATTTGCAAATATTAGAGCAGCCAAAGCAGCGTGGATTTAGATTCCGATACGTATGTGAGGGTCCTTCTCATGGAGGACTGCCTGGAGCATCTTCCGAAAAGAACAAAAAGTCCTACCCCCAGGTTAAAATTTGTAACTACGTCGGACCGGCAAAGGTCATTGTACAGCTTGTGACAAACGGAAAAAATATTCATCTTCATGCACACTCTCTAGTGGGTAAACATTGTGAGGACGGAATCTGCACAGTTACTGCTGGGCCGAAAGATATGGTCGTCGGCTTTGCCAATTTAGGTATTTTGCATGTGACTAAAAAAAAGGTCTTTGAAACCCTGGAGGCTAGAATGACAGAGGCTTGTATAAGAGGTTATAATCCGGGTTTATTAGTTCACCCAGACTTGGCATACCTGCAGGCAGAAGGAGGTGGAGATAGACAATTAGGCGATCGAGAGAAGGAGTTGATAAGACAAGCCGCTTTACAACAAACTAAGGAGATGGATTTGAGCGTGGTTCGATTAATGTTCACGGCATTCTTACCAGACTCTACTGGCTCTTTTACTAGGAGGTTGGAACCAGTAGTATCTGATGCAATCTACGATTCTAAGGCACCGAACGCATCAAATTTGAAGATTGTCCGTATGGACCGAACTGCCGGGTGCGTTACAGGCGGGGAAGAAATTTACTTACTTTGTGATAAGGTTCAAAAGGATGGGAGACCCGCCATCGCGTCATAGCTGTTTCCTG
p50-T4-1,GTAAAACGACGGCCAGTGCGATGTTGGGTCTCAGATGATATACAAATTAGGTTCTACGAAGAAGAGGAAAATGGAGGGGTTTGGGAGGGCTTTGGGGATTTTTCTCCAACTGACGTGCATCGACAGTTTGCTATTGTTTTTAAGACGCCAAAGTATAAAGATATTAACATTACCAAGCCCGCAAGTGTCTTTGTCCAACTAAGACGAAAAAGTGATCTAGAAACCTCTGAACCCAAACCATTTCTATACTACCCTGAGATCAAAGACAAGGAAGAAGTTCAAAGAAAAAGACAAAAAGGATCTTCTGGCACATCTGGTGGGGGAAGTGGGGGTGGTATTCTAAAAATCTTAAATGAGATCGCTTCAATCGGCAGTACTAAACAAAAACAAGCTATCCTTGAGAAGAATAAAGACAACGAGTTACTAAAGAGAGTTTACCGTTTGACGTATTCAAGAGGACTTCAGTATTATATCAAAAAATGGCCGAAGCCCGGAATTGCAACGCAATCTTTCGGGATGTTGACGTTAACTGACATGCTGGATTTCATAGAGTTCACGCTTGCTACAAGAAAGTTGACTGGTAACGCAGCCATTGAGGAACTTACAGGATATATTACGGACGGCAAGAAAGATGACGTTGAGGTCTTGCGTAGAGTCATGATGCGTGATCTGGAGTGCGGTGCCTCCGTGTCTATCGCTAACAAAGTTTGGCCAGGTCTTATCCCTGAGCAGCCCCAAATGCTGGCATCTTCATACGATGAGAAGGGCATTAATAAAAACATTAAATTTCCAGCTTTTGCCCAGTTGAAAGCTGACGGTGCCAGATGCTTCGCGGAGACCCGCCATCGCGTCATAGCTGTTTCCTG
p50-T4-2,GTAAAACGACGGCCAGTGCGATGTTGGGTCTCATCGCTGAGGTCAGAGGAGATGAATTGGATGATGTCAGGCTGTTGTCTAGAGCTGGCAACGAGTACTTAGGATTGGATTTGTTGAAGGAGGAACTTATTAAAATGACTGCCGAAGCCCGACAAATACACCCTGAGGGAGTGTTGATTGACGGTGAGCTGGTATACCATGAACAGGTGAAAAAGGAACCCGAAGGACTTGACTTTCTGTTCGATGCCTATCCAGAAAATAGCAAAGCTAAGGAGTTCGCTGAAGTAGCCGAATCCAGGACAGCAAGTAATGGAATCGCTAATAAAAGTCTAAAGGGCACTATTTCTGAAAAGGAAGCTCAATGTATGAAATTCCAGGTTTGGGATTACGTACCGTTAGTCGAGATCTACAGCCTGCCTGCATTTAGACTAAAATACGACGTCAGATTCTCCAAGTTGGAGCAAATGACATCCGGTTACGACAAAGTCATTCTGATTGAAAACCAAGTGGTCAATAACTTGGACGAAGCTAAAGTTATTTACAAGAAATACATTGACCAAGGATTGGAAGGTATTATTCTAAAGAACATAGATGGACTATGGGAAAATGCTCGTTCAAAGAATCTTTATAAGTTCAAGGAAGTCATTGATGTCGATCTGAAGATCGTTGGCATATATCCCCATAGAAAAGACCCCACTAAAGCTGGGGGTTTTATTCTTGAATCCGAATGTGGAAAAATTAAAGTCAACGCTGGTAGTGGACTTAAGGATAAGGCCGGGGTCAAATCCCATGAGCTGGATCGTACTAGGATTATGGAAAATCAAAATTACTACGGAGACCCGCCATCGCGTCATAGCTGTTTCCTG
p50-T4-3,GTAAAACGACGGCCAGTGCGATGTTGGGTCTCACTACATCGGTAAGATTCTTGAGTGTGAATGTAACGGATGGCTGAAATCTGATGGTCGTACAGATTATGTCAAACTGTTTTTGCCAATTGCTATAAGACTGAGAGAGGATAAAACTAAGGCTAATACTTTTGAGGACGTATTCGGAGACTTTCACGAAGTGACAGGGTTGTAATGAGCTTAGAGACCCGCTTAGTCTTCGCCATCGCGGAGACCCGCCATCGCGTCATAGCTGTTTCCTG
BtgZI-0,GTAAAACGACGGCCAGTGCGATGTTGAAGACCAGGAGGGTCTCTAATGGGACATCACCATCATCACCACTACTGGTTGTTGGATTACGTTACACAACAGAAAGTCAGAAACGATATCAATAACCTGATTAAAGGCATTCTTAAAATCTCACCTAATCCTCAACACTATCCAGAATCCATTTTCCCTTTTTCAGGTAGAAAATGCTATAAAATAGCATCAGAGATTATAAAGAACTTGTCCAACGAGGGTGACTTGGTTTATGACCCATTTACTGGATCTGGAACATTCATCCTGGCCGCACAGTACTCCAACCGAAAGATAGTTGCAAGCGATTTAGATCCCTATGTTCAATTCATGCACAGCGTTTACTTTAACGGGGTTGACAAGAATAAGCTAAAATCTCTTTTTAAGCAATTAGAGAAGTTGGTTGAGCCCAAAATGAATTTTTTGTATGAGACTACATGTACATGCGGGACAAGAAATATAATGAAGGCACTTTACTTCGATTTTTACCCTAGGGAATACATCACCCCCACACATCACGAGAGGATAACTCCAAAACTGCATAATTTGGTGTTTGTCAAGCAATGTCCTAACTGCAAAAAAAGAAGGAAGCAATTCGATGCTGATGATCTTAAGCATCTACGAAATATTGAGCAAAATGAAAAAGTGACTTCATTCCCCAACCATGATCTAATCCCCAACAGTAGAATCAACATTACTCCAGGAAGATCCACGAACTACTCATTTTTTTTTTTACATAGACAGAAAGTGGCTCTGTTGACATTGTGGAACGCTATTCAGTCTTTGAACAATAGGAGACCCGCCATCGCGTCATAGCTGTTTCCTG
BtgZI-1,GTAAAACGACGGCCAGTGCGATGTTGGGTCTCAAATAGTAGAGAAAAGGACTATTTAATCTTCCTATTTATATCTATCTTGAATTTGGCAAAAATTACAGATTATAGAACTCAAAGCCAGGATATATTCTATATACCCAATAAGAAGAATAAAGAACAGAACATATGGTATCATTTCAAGGATAAATTCGAGAACAAATTACTGCCGATGATTGACATCGTCGCCAATAAAATTGGCTCTAGTCCTGATCAACCTGTCAATATCCACAAAGATATTAACAGCCTTCTTCAATCCAAACAAAAAGGGATCTATTTTCTTGCCGATGACTATAGAGAGATCAAATCCGAACTTGACGGTAAAGTTGATCTGATATTAACAGATCCGCCATATACTGATCAAGTACCTTATTTGGAAAGGTCACAGCTATACTACCCTTGGATCAACTATCAATTGGATAACAAGACCCTTGATAAGGAGATCGTCATTTCAGATGCTCCCAGTAGATCTCACAAGAACCGTGAACAATACTGGAAAGATATCGATGAATTTTTCTCAATTGCATCCAAACAATTGAAAACCCATAAGTACATGGTGCTTTATTTTAAGCCATCTGGAACAAGATGGCTGGAGGACTTGAATTATTTTAAGTTACTGGGAAGAAAACATGGATTCGAGCCTCTGCAGACACTGGATGTGTCTAAGGAGGACCCTCCACGACGTAAGGTGGCTAGTGCCACCTGGAGCTTCGCAAAGGAATTGCTATTAATCTTTATTAAGTTAGATGACTCTGAGAGATACTGGTTCTTCAAAGATGAAAATATGGATAAGCTTATGGAGACCCGCCATCGCGTCATAGCTGTTTCCTG
BtgZI-2,GTAAAACGACGGCCAGTGCGATGTTGGGTCTCATTATCTATGGAGTTGCTTTGAAATTGACAGAAGAAAAGGGTGAATTCAGTCTTAAAGAGTTTCAACAGAGACTACACATCAAATTGAAGGAAAAGGGGCTTTTACAAGCCGCAACGGAAGATGCCAATATCATGAAAACATTGAAAAGATACTGCCGTTCAGAAAACGGCAGGTACAAGATTAATGACTCAATTCATCCACCATTCACTGAACTTTTGAGGCAAATCGACGTTGAGCAGAGAATTTTTGACTATACACCAGAAGTGGTTGAGGCTCTATTGGATGAGAACCCAGATGGATTTACTTACCCCGACTTTCTGCTTAAGCTTAGCTTGTATCTTGACAATGGTGAAAAGGAGGTGATCAAGATACTAGAGGACCAAAATGACAAGCGAATTAGAAATCAACTGCTTAATTATGTCGTAGAAAAAGACGATAAATTGGTCAGGAAGCCTAGGCCTGATGTCAATGCCTTGGCCAAGGATGGTAACAGAACTGACTTGCATAGTTTGACCGGGGAGGAGTTCGAAAAAGTGATAAAGTTGTACCTGGAAGCCAACGGGTTTACCAACGTTAACATTACCGCTAGAACCGGAGATAGGGGAGTAGACATCATTGCATCTAAGGACGGTAAGAAGTACGTGATACAGTGTAAACGTTGGCGTGCTAATGTCAATGCATCCCCTATCCAAAGACTGGACTCCTTTAGAAGATCAAGAAACGCTGACTACGCTTGGGTCATTACTACCAGTGACTTTACCAGGGATGCCAAATCAGAGGCTAGAATTACTGGAACCCGTGGAGACCCGCCATCGCGTCATAGCTGTTTCCTG
BtgZI-3,GTAAAACGACGGCCAGTGCGATGTTGGGTCTCACCGTCTTATAAATGGCCAAGAAATTAGGATTGAGTTGGAAAAGGTATTCCCTGGTAAGTTTTACTAATGAGCTTAGAGACCCGCTTAGTCTTCGCCATCGCGGAGACCCGCCATCGCGTCATAGCTGTTTCCTG
T4-PNK-0,GTAAAACGACGGCCAGTGCGATGTTGAAGACCAGGAGGGTCTCTAATGGGACACCATCACCATCACCATAAAAAAATCATTTTAACTATCGGTTGTCCTGGTTCTGGCAAATCCACATGGGCTAGAGAATTTATCGCAAAGAACCCAGGTTTTTACAACATCAATAGAGATGACTACAGACAATCTATTATGGCACATGAGGAGAGAGATGAGTATAAATACACGAAGAAGAAAGAGGGAATAGTAACCGGTATGCAGTTTGACACAGCTAAGTCTATATTGTATGGAGGCGATTCAGTTAAGGGCGTGATCATCTCTGACACTAATCTTAATCCTGAACGTAGACTGGCTTGGGAAACTTTCGCAAAGGAATACGGGTGGAAGGTGGAACACAAGGTTTTTGATGTGCCATGGACCGAATTGGTCAAAAGAAATAGCAAGAGAGGTACTAAAGCCGTTCCGATAGACGTCCTGAGGTCTATGTATAAATCTATGAGAGAATACCTGGGTTTGCCTGTGTACAATGGGACCCCCGGTAAACCAAAGGCTGTGATTTTTGATGTAGATGGAACTCTAGCCAAGATGAATGGAAGGGGGCCTTACGACCTGGAGAAGTGCGATACGGACGTGATAAATCCAATGGTTGTCGAGTTGTCCAAGATGTACGCACTGATGGGTTATCAAATTGTTGTTGTATCAGGACGTGAGAGCGGTACTAAAGAGGATCCTACTAAATATTATAGAATGACCAGGAAATGGGTAGAGGATATCGCCGGTGTTCCCTTGGTCATGCAGTGCCAAAGAGAACAAGGGGATAGGAGACCCGCCATCGCGTCATAGCTGTTTCCTG
T4-PNK-1,GTAAAACGACGGCCAGTGCGATGTTGGGTCTCAGATACCCGTAAGGATGATGTTGTGAAGGAAGAGATTTTTTGGAAGCACATTGCTCCACACTTTGATGTCAAGCTGGCTATAGATGATCGTACTCAAGTGGTGGAGATGTGGAGAAGAATCGGTGTTGAGTGTTGGCAGGTTGCTTCAGGAGATTTTTAATGAGCTTAGAGACCCGCTTAGTCTTCGCCATCGCGGAGACCCGCCATCGCGTCATAGCTGTTTCCTG
term_zeocinR,GTAAAACGACGGCCAGTGCGATGTTGAAGACCAGGAGGTCTCTGCTTGTCTTGCTAGATTCTAATCAAGAGGATGTCAGAATGCCATTTGCCTGAGAGATGCAGGCTTCATTTTTGATACTTTTTTATTTGTAACCTATATAGTATAGGATTTTTTTTGTCATTTTGTTTCTTCTCGTACGAGCTTGCTCCTGATCAGCCTATCTCGCAGCTGATGAATATCTTGTGGTAGGGGTTTGGGAAAATCATTCGAGTTTGATGTTTTTCTTGGTATTTCCCACTCCTCTTCAGAGTACAGAAGATTAAGTGAGACGATCCCCCACACACCATAGCTTCAAAATGTTTCTACTCCTTTTTTACTCTTCCAGATTTTCTCGGACTCCGCGCATCGCCGTACCACTTCAAAACACCCAAGCACAGCATACTAAATTTCCCCTCTTTCTTCCTCTAGGGTGTCGTTAATTACCCGTACTAAAGGTTTGGAAAAGAAAAAAGACACCGCCTCGTTTCTTTTTCTTCGTCGAAAAAGGCAATAAAAATTTTTATCACGTTTCTTTTTCTTGAAAATTTTTAGAGACCCGCTTAGTCTTCGCCATCGCGTCATAGCTGTTTCCTG
zeocinR_colE1,GTAAAACGACGGCCAGTGCGATGTTGAAGACCAGGAGGTCTCTCGCTGTCCAGGACCAGGTGGTGCCGGACAACACCCTGGCTTGGGTTTGGGTAAGAGGTCTGGACGAGCTGTACGCTGAGTGGTCGGAGGTCGTGTCCACGAACTTCAGAGACGCTTCCGGTCCAGCCATGACCGAGATCGGAGAGCAGCCATGGGGTAGAGAGTTCGCCCTGAGAGATCCAGCTGGTAACTGTGTTCACTTCGTGGCCGAGGAGCAGGACTGACACGTCCCCTTTTCCTTTGTCGATATCATGTAATTAGTTATGTCACGCTTACATTCACGCCCTCCCCCCACATCCGCTCTAACCGAAAAGGAAGGAGTTAGACAACCTGAAGTCTAGGTCCCTATTTATTTTTTTATAGTTATGTTAGTATTAAGAGAGACCCGCTTAGTCTTCGCCATCGCGTCATAGCTGTTTCCTG
zeocinR_colE1_2,GTAAAACGACGGCCAGTGCGATGTTGAAGACCAGGAGGTCTCCTAAGAACGTTATTTATATTTCAAATTTTTCTTTTTTTTCTGTACAGACGCGTGTACGCATGTAACATTATACTGAAAACCTTGCTTGAGAAGGTTTTGGGACGCTCGAAGGCTTTAATTTGCAAGCTGAACATGTGAGCAAAAGGCCAGCAAAAGGCCAGGAACCGTAAAAAGGCCGCGTTGCTGGCGTTTTTCCATAGGCTCCGCCCCCCTGACGAGCATCACAAAAATCGACGCTCAAGTCAGAGGTGGCGAAACCCGACAGGACTATAAAGATACCAGGCGTTTCCCCCTGGAAGCTCCCTCGTGCGCTCTCCTGTTCCGACCCTGCCGCTTACCGGATACCTGTCCGCCTTTCTCCCTTCGGGAAGCGTGGCGCTTTCTCAATGCTCACGCTGTAGGTATCTCAGTTCGGTGTAGGTCGTTCGCTCCAAGCTGGGCTGTGTGCACGAACCCCCCGTTCAGCCCGACCGCTGCGCCTTATCCGGTAACTATCGTCTTGAGTCCAACCCGGTAAGACACGACTTATCGCCACTGGCAGCAGCCACTGGTAACAGGATTAGCAGAGCGAGGTATGTAGGCGGTGCTACAGAGTTCTTGAAGTGGTGGCCTAACTACGGCTACACTAGAAGGACAGTATTTGGTATCTGCGCTCTGCTGAAGCCAGTTACCTTCGGAAAAAGAGTTGGTAGCTCTTGATCCGGCAAACAAACCACCGCTGGTAGCGGTGGTTTTTTTGTTTGCAAGCAGCAGATTACGCGCAGAAAAAAAGGATCTCAAGAAGATCCTTTGATCTTTTCTACGGGGTCTGACGCTCAGTGGAACGAAAACTCACGTTAAGGGATTTTGGTCATGAGATCGGAGGGAGAGAGACCCGCTTAGTCTTCGCCATCGCGTCATAGCTGTTTCCTG
pGAP_alphaMF_no_EAEA,GTAAAACGACGGCCAGTGCGATGTTGAAGACCAGGAGGTCTCTGGAGTTTTTGTAGAAATGTCTTGGTGTCCTCGTCCAATCAGGTAGCCATCTCTGAAATATCTGGCTCCGTTGCAACTCCGAACGACCTGCTGGCAACGTAAAATTCTCCGGGGTAAAACTTAAATGTGGAGTAATGGAACCAGAAACGTCTCTTCCCTTCTCTCTCCTTCCACCGCCCGTTACCGTCCCTAGGAAATTTTACTCTGCTGGAGAGCTTCTTCTACGGCCCCCTTGCAGCAATGCTCTTCCCAGCATTACGTTGCGGGTAAAACGGAGGTCGTGTACCCGACCTAGCAGCCCAGGGATGGAAAAGTCCCGGCCGTCGCTGGCAATAATAGCGGGCGGACGCATGTCATGAGATTATTGGAAACCACCAGAATCGAATATAAAAGGCGAACACCTTTCCCAATTTTGGTTTCTCCTGACCCAAAGACTTTAAATTTAATTTATTTGTCCCTATTTCAATCAATTGAACAACTATTTCGAAACGATGAGATTTCCTTCAATTTTTACTGCTGTTTTATTCGCAGCATCCTCCGCATTAGCTGCTCCAGTCAACACTACAACAGAAGATGAAACGGCACAAATTCCGGCTGAAGCTGTCATCGGTTACTCAGATTTAGAAGGGGATTTCGATGTTGCTGTTTTGCCATTTTCCAACAGCACAAATAACGGGTTATTGTTTATAAATACTACTATTGCCAGCATTGCTGCTAAAGAAGAAGGGGTATCTCTCGAGAAAAGAATGAGAGACCCGCTTAGTCTTCGCCATCGCGTCATAGCTGTTTCCTG
pAOX1_alphaMF_no_EAEA_1,GTAAAACGACGGCCAGTGCGATGTTGAAGACCAGGAGGTCTCTGGAGGATCTAACATCCAAAGACGAAAGGTTGAATGAAACCTTTTTGCCATCCGACATCCACAGGTCCATTCTCACACATAAGTGCCAAACGCAACAGGAGGGGATACACTAGCAGCAGACCGTTGCAAACGCAGGACCTCCACTCCTCTTCTCCTCAACACCCACTTTTGCCATCGAAAAACCAGCCCAGTTATTGGGCTTGATTGGAGCTCGCTCATTCCAATTCCTTCTATTAGGCTACTAACACCATGACTTTATTAGCCTGTCTATCCTGGCCCCCCTGGCGAGGTTCATGTTTGTTTATTTCCGAATGCAACAAGCTCCGCATTACACCCGAACATCACTCCAGATGAGGGCTTTCTGAGTGTGGGGTCAAATAGTTTCATGTTCCCCAAATGGCCCAAAACTGACAGTTTAAACGCTGTCTTGGAACCTAATATGACAAAAGCGTGATCTCATCCAAGATGAACTAAGTTTGGTTCGTTGAAATGCTAACGGCCAGTTGGTCAAAAAGAAACTTCCAAAAGTCGGCATACCGTTTGTCTTGTTTGGTATTGATTGACGAATGCTCAAAAATAATCTCATTAATGCTTAGAGAGACCCGCTTAGTCTTCGCCATCGCGTCATAGCTGTTTCCTG
pAOX1_alphaMF_no_EAEA_2,GTAAAACGACGGCCAGTGCGATGTTGAAGACCAGGAGGTCTCTTTAGCGCAGTCTCTCTATCGCTTCTGAACCCCGGTGCACCTGTGCCGAAACGCAAATGGGGAAACACCCGCTTTTTGGATGATTATGCATTGTCTCCACATTGTATGCTTCCAAGATTCTGGTGGGAATACTGCTGATAGCCTAACGTTCATGATCAAAATTTAACTGTTCTAACCCCTACTTGACAGCAATATATAAACAGAAGGAAGCTGCCCTGTCTTAAACCTTTTTTTTTATCATCATTATTAGCTTACTTTCATAATTGCGACTGGTTCCAATTGACAAGCTTTTGATTTTAACGACTTTTAACGACAACTTGAGAAGATCAAAAAACAACTAATTATTCGAAACGATGAGATTTCCTTCAATTTTTACTGCTGTTTTATTCGCAGCATCCTCCGCATTAGCTGCTCCAGTCAACACTACAACAGAAGATGAAACGGCACAAATTCCGGCTGAAGCTGTCATCGGTTACTCAGATTTAGAAGGGGATTTCGATGTTGCTGTTTTGCCATTTTCCAACAGCACAAATAACGGGTTATTGTTTATAAATACTACTATTGCCAGCATTGCTGCTAAAGAAGAAGGGGTATCTCTCGAGAAAAGAATGAGAGACCCGCTTAGTCTTCGCCATCGCGTCATAGCTGTTTCCTG
term_zeocinR_2,GTAAAACGACGGCCAGTGCGATGTTGAAGACCAGGAGGTCTCCTTTTTTGATTTTTTTCTCTTTCGATGACCTCCCATTGATATTTAAGTTAATAAACGGTCATCAATTTCTCAAGTTTCAGTTTCATTTTTCTTGTTCTATTACAACTTTTTTTACTTCTTGCTCATTAGAAAGAAAGCATAGCAATCTAATCTAAGGGCGGTGTTGACAATTAATCATCGGCATAGTATATCGGCATAGTATAATACGACAAGGTGAGGAACTAAACCATGGCCAAGTTGACCAGTGCCGTTCCAGTGCTCACCGCTAGAGACGTCGCCGGAGCTGTCGAGTTCTGGACCGACCGGCTCGGGTTCTCCCGGGACTTCGTGGAGGACGACTTCGCCGGTGTGGTCCGGGACGACGTGACCCTGTTCATCAGCGCTAGAGACCCGCTTAGTCTTCGCCATCGCGTCATAGCTGTTTCCTG
ccdB,GTAAAACGACGGCCAGTGGTCTCTAATGCGAGACCGGACTAAAAGCCAGATAACAGTATGCGTATTTGCGCGCTGATTTTTGCGGTATAAGAATATATACTGATATGTATACCCGAAGTATGTCAAAAAGAGGTATGCTATGAAGCAGCGTATTACAGTGACAGTTGACAGCGACAGCTATCAGTTGCTCAAGGCATATATGATGTCAATATCTCCGGTCTGGTAAGCACAACCATGCAGAATGAAGCCCGTCGTCTGCGTGCCGAACGCTGGAAAGCGGAAAATCAGGAAGGGATGGCTGAGGTCGCCCGGTTTATTGAAATGAACGGCTCTTTTGCTGACGAGAACAGGGGCTGGTGAAATGCAGTTTAAGGTTTACACCTATAAAAGAGAGAGCCGTTATCGTCTGTTTGTGGATGTACAGAGTGATATTATTGACACGCCCGGGCGACGGATGGTGATCCCCCTGGCCAGTGCACGTCTGCTGTCAGATAAAGTCTCCCGTGAACTTTACCCGGTGGTGCATATCGGGGATGAAAGCTGGCGCATGATGACCACCGATATGGCCAGTGTGCCGGTTTCCGTTATCGGGGAAGAAGTGGCTGATCTCAGCCACCGCGAAAATGACATCAAAAACGCCATTAACCTGATGTTCTGGGGAATATAAATGTCAGGCTCCCTTATACACAGCCGGTCTCTGCTTCGAGACCGTCATAGCTGTTTCCTG
